{"mean":{"confidence_interval":{"confidence_level":0.95,"lower_bound":93.2130736523942,"upper_bound":98.44184557574613},"point_estimate":95.81803598504352,"standard_error":1.3406141381020202},"median":{"confidence_interval":{"confidence_level":0.95,"lower_bound":92.46826947583043,"upper_bound":100.36937343784234},"point_estimate":98.49964547813073,"standard_error":1.9422569506175078},"median_abs_dev":{"confidence_interval":{"confidence_level":0.95,"lower_bound":11.32325035159313,"upper_bound":16.51996066596932},"point_estimate":13.820919635212034,"standard_error":1.2972023674019275},"slope":{"confidence_interval":{"confidence_level":0.95,"lower_bound":94.0706131283579,"upper_bound":100.18145129767},"point_estimate":97.21268776295564,"standard_error":1.5601869389304195},"std_dev":{"confidence_interval":{"confidence_level":0.95,"lower_bound":11.575897088155324,"upper_bound":15.127344826137039},"point_estimate":13.43213284566919,"standard_error":0.9051543701999992}}
