{"mean":{"confidence_interval":{"confidence_level":0.95,"lower_bound":5167010.16,"upper_bound":5281048.3},"point_estimate":5218706.5,"standard_error":28922.135341118395},"median":{"confidence_interval":{"confidence_level":0.95,"lower_bound":5202830.0,"upper_bound":5247480.0},"point_estimate":5227910.0,"standard_error":12185.082949880052},"median_abs_dev":{"confidence_interval":{"confidence_level":0.95,"lower_bound":69362.8837935627,"upper_bound":131654.8776626587},"point_estimate":112292.12200641632,"standard_error":16512.65657020326},"slope":null,"std_dev":{"confidence_interval":{"confidence_level":0.95,"lower_bound":130628.96261927401,"upper_bound":444847.41592858493},"point_estimate":290447.8313085995,"standard_error":85676.01422450227}}