{"mean":{"confidence_interval":{"confidence_level":0.95,"lower_bound":5141144.9875,"upper_bound":5194784.33},"point_estimate":5168586.6,"standard_error":13689.197286394276},"median":{"confidence_interval":{"confidence_level":0.95,"lower_bound":5150740.0,"upper_bound":5210115.0},"point_estimate":5190700.0,"standard_error":15086.98726388737},"median_abs_dev":{"confidence_interval":{"confidence_level":0.95,"lower_bound":90809.24838781357,"upper_bound":140498.58650565147},"point_estimate":114894.08496022224,"standard_error":12605.884726278206},"slope":null,"std_dev":{"confidence_interval":{"confidence_level":0.95,"lower_bound":106294.37575387211,"upper_bound":167753.13046070334},"point_estimate":137318.6505921335,"standard_error":15856.184521307932}}