{"mean":{"confidence_interval":{"confidence_level":0.95,"lower_bound":2619412.6437500003,"upper_bound":3653807.3799999994},"point_estimate":3063805.75,"standard_error":265720.17651264236},"median":{"confidence_interval":{"confidence_level":0.95,"lower_bound":2552005.0,"upper_bound":2585222.5},"point_estimate":2569342.5,"standard_error":7995.367108237342},"median_abs_dev":{"confidence_interval":{"confidence_level":0.95,"lower_bound":51831.69507980347,"upper_bound":94219.22832727432},"point_estimate":72758.59370827675,"standard_error":10558.14929126168},"slope":null,"std_dev":{"confidence_interval":{"confidence_level":0.95,"lower_bound":304500.16520945384,"upper_bound":4162889.1293311794},"point_estimate":2670198.977560246,"standard_error":934522.2328691138}}
